doi,title,authors,journal,type,year
10.3892/ijmm.2019.4121,URG11 promotes proliferation and induced apoptosis of LNCaP cells,"[{'family': 'Sun', 'given': 'Chenmin'}, {'family': 'Zhang', 'given': 'Guangming'}, {'family': 'Cheng', 'given': 'Shujie'}, {'family': 'Qian', 'given': 'Haining'}, {'family': 'Li', 'given': 'Dong'}, {'family': 'Liu', 'given': 'Min'}]",International Journal of Molecular Medicine,journal-article,2019.0
10.1136/jnnp-2017-316174,TBK1mutations in Italian patients with amyotrophic lateral sclerosis: genetic and functional characterisation,"[{'family': 'Pozzi', 'given': 'Laura'}, {'family': 'Valenza', 'given': 'Fabiola'}, {'family': 'Mosca', 'given': 'Lorena'}, {'family': 'Dal Mas', 'given': 'Andrea'}, {'family': 'Domi', 'given': 'Teuta'}, {'family': 'Romano', 'given': 'Alessandro'}, {'family': 'Tarlarini', 'given': 'Claudia'}, {'family': 'Falzone', 'given': 'Yuri Matteo'}, {'family': 'Tremolizzo', 'given': 'Lucio'}, {'family': 'Sorarù', 'given': 'Gianni'}, {'family': 'Cerri', 'given': 'Federica'}, {'family': 'Ferraro', 'given': 'Pilar M'}, {'family': 'Basaia', 'given': 'Silvia'}, {'family': 'Agosta', 'given': 'Federica'}, {'family': 'Fazio', 'given': 'Raffaella'}, {'family': 'Comola', 'given': 'Mauro'}, {'family': 'Comi', 'given': 'Giancarlo'}, {'family': 'Ferrari', 'given': 'Maurizio'}, {'family': 'Quattrini', 'given': 'Angelo'}, {'family': 'Lunetta', 'given': 'Christian'}, {'family': 'Penco', 'given': 'Silvana'}, {'family': 'Bonanomi', 'given': 'Dario'}, {'family': 'Carrera', 'given': 'Paola'}, {'family': 'Riva', 'given': 'Nilo'}]","Journal of Neurology, Neurosurgery & Psychiatry",journal-article,2017.0
10.18632/genesandcancer.188,Transcriptomic analysis functionally maps the intrinsically disordered domain of EWS/FLI and reveals novel transcriptional dependencies for oncogenesis,"[{'family': 'Theisen', 'given': 'Emily R.'}, {'family': 'Miller', 'given': 'Kyle R.'}, {'family': 'Showpnil', 'given': 'Iftekhar A.'}, {'family': 'Taslim', 'given': 'Cenny'}, {'family': 'Pishas', 'given': 'Kathleen I.'}, {'family': 'Lessnick', 'given': 'Stephen L.'}]",Genes & Cancer,journal-article,2019.0
10.1101/2020.07.06.189811,Oral Regeneration Is the Default Pathway Triggered by Injury in Hydra,"[{'family': 'Cazet', 'given': 'Jack'}, {'family': 'Juliano', 'given': 'Celina'}]",,posted-content,2020.0
10.3389/fphar.2019.01282,Family C G-Protein-Coupled Receptors in Alzheimer’s Disease and Therapeutic Implications,"[{'family': 'Dal Prà', 'given': 'Ilaria'}, {'family': 'Armato', 'given': 'Ubaldo'}, {'family': 'Chiarini', 'given': 'Anna'}]",Frontiers in Pharmacology,journal-article,2019.0
10.1038/s41598-018-33143-1,Structural insights into pro-aggregation effects of C. elegans CRAM-1 and its human ortholog SERF2,"[{'family': 'Balasubramaniam', 'given': 'Meenakshisundaram'}, {'family': 'Ayyadevara', 'given': 'Srinivas'}, {'family': 'Shmookler Reis', 'given': 'Robert J.'}]",Scientific Reports,journal-article,2018.0
10.1186/s13229-019-0310-4,Biophysical classification of a CACNA1D de novo mutation as a high-risk mutation for a severe neurodevelopmental disorder,"[{'family': 'Hofer', 'given': 'Nadja T.'}, {'family': 'Tuluc', 'given': 'Petronel'}, {'family': 'Ortner', 'given': 'Nadine J.'}, {'family': 'Nikonishyna', 'given': 'Yuliia V.'}, {'family': 'Fernándes-Quintero', 'given': 'Monica L.'}, {'family': 'Liedl', 'given': 'Klaus R.'}, {'family': 'Flucher', 'given': 'Bernhard E.'}, {'family': 'Cox', 'given': 'Helen'}, {'family': 'Striessnig', 'given': 'Jörg'}]",Molecular Autism,journal-article,2020.0
10.1016/j.ajhg.2018.10.009,Human Models Are Needed for Studying Human Neurodevelopmental Disorders,"[{'family': 'Zhao', 'given': 'Xinyu'}, {'family': 'Bhattacharyya', 'given': 'Anita'}]",The American Journal of Human Genetics,journal-article,2018.0
10.1083/jcb.201610102,Regulation of RhoA by STAT3 coordinates glial scar formation,"[{'family': 'Renault-Mihara', 'given': 'Francois'}, {'family': 'Mukaino', 'given': 'Masahiko'}, {'family': 'Shinozaki', 'given': 'Munehisa'}, {'family': 'Kumamaru', 'given': 'Hiromi'}, {'family': 'Kawase', 'given': 'Satoshi'}, {'family': 'Baudoux', 'given': 'Matthieu'}, {'family': 'Ishibashi', 'given': 'Toshiki'}, {'family': 'Kawabata', 'given': 'Soya'}, {'family': 'Nishiyama', 'given': 'Yuichiro'}, {'family': 'Sugai', 'given': 'Keiko'}, {'family': 'Yasutake', 'given': 'Kaori'}, {'family': 'Okada', 'given': 'Seiji'}, {'family': 'Nakamura', 'given': 'Masaya'}, {'family': 'Okano', 'given': 'Hideyuki'}]",Journal of Cell Biology,journal-article,2017.0
10.1186/s12910-019-0354-1,Using brain-computer interfaces: a scoping review of studies employing social research methods,"[{'family': 'Kögel', 'given': 'Johannes'}, {'family': 'Schmid', 'given': 'Jennifer R.'}, {'family': 'Jox', 'given': 'Ralf J.'}, {'family': 'Friedrich', 'given': 'Orsolya'}]",BMC Medical Ethics,journal-article,2019.0
10.1002/jssc.201800458,"Urinary l
-kynurenine quantification and selective extraction through a molecularly imprinted solid-phase extraction device","[{'family': 'Mergola', 'given': 'Lucia'}, {'family': 'Orabona', 'given': 'Ciriana'}, {'family': 'Albini', 'given': 'Elisa'}, {'family': 'Vasapollo', 'given': 'Giuseppe'}, {'family': 'Scorrano', 'given': 'Sonia'}, {'family': 'Del Sole', 'given': 'Roberta'}]",Journal of Separation Science,journal-article,2018.0
10.1177/1179069519830697,"Neurodegeneration, Heterochromatin, and Double-Stranded RNA","[{'family': 'Saldi', 'given': 'Tassa K'}, {'family': 'Gonzales', 'given': 'Patrick K'}, {'family': 'LaRocca', 'given': 'Thomas J'}, {'family': 'Link', 'given': 'Christopher D'}]",Journal of Experimental Neuroscience,journal-article,2019.0
10.1002/cam4.3268,LncRNA PITPNA‐AS1 boosts the proliferation and migration of lung squamous cell carcinoma cells by recruiting TAF15 to stabilize HMGB3 mRNA,"[{'family': 'Ren', 'given': 'Ping'}, {'family': 'Xing', 'given': 'Lei'}, {'family': 'Hong', 'given': 'Xiaodong'}, {'family': 'Chang', 'given': 'Liang'}, {'family': 'Zhang', 'given': 'Hong'}]",Cancer Medicine,journal-article,2020.0
10.3390/nano9081089,Tangeretin-Assisted Platinum Nanoparticles Enhance the Apoptotic Properties of Doxorubicin: Combination Therapy for Osteosarcoma Treatment,"[{'family': 'Gurunathan', 'given': 'Sangiliyandi'}, {'family': 'Jeyaraj', 'given': 'Muniyandi'}, {'family': 'Kang', 'given': 'Min-Hee'}, {'family': 'Kim', 'given': 'Jin-Hoi'}]",Nanomaterials,journal-article,2019.0
10.3389/fnmol.2019.00014,27-Hydroxycholesterol Contributes to Lysosomal Membrane Permeabilization-Mediated Pyroptosis in Co-cultured SH-SY5Y Cells and C6 Cells,"[{'family': 'Chen', 'given': 'Si'}, {'family': 'Zhou', 'given': 'Cui'}, {'family': 'Yu', 'given': 'Huiyan'}, {'family': 'Tao', 'given': 'Lingwei'}, {'family': 'An', 'given': 'Yu'}, {'family': 'Zhang', 'given': 'Xiaona'}, {'family': 'Wang', 'given': 'Ying'}, {'family': 'Wang', 'given': 'Yushan'}, {'family': 'Xiao', 'given': 'Rong'}]",Frontiers in Molecular Neuroscience,journal-article,2019.0
10.1038/s41388-018-0326-9,Transcription factor activating protein 4 is synthetically lethal and a master regulator of MYCN-amplified neuroblastoma,"[{'family': 'Boboila', 'given': 'Shuobo'}, {'family': 'Lopez', 'given': 'Gonzalo'}, {'family': 'Yu', 'given': 'Jiyang'}, {'family': 'Banerjee', 'given': 'Debarshi'}, {'family': 'Kadenhe-Chiweshe', 'given': 'Angela'}, {'family': 'Connolly', 'given': 'Eileen P.'}, {'family': 'Kandel', 'given': 'Jessica J.'}, {'family': 'Rajbhandari', 'given': 'Presha'}, {'family': 'Silva', 'given': 'Jose M.'}, {'family': 'Califano', 'given': 'Andrea'}, {'family': 'Yamashiro', 'given': 'Darrell J.'}]",Oncogene,journal-article,2018.0
10.3892/ol.2020.11306,Integrated analysis of circular RNA‑associated ceRNA network in pancreatic ductal adenocarcinoma,"[{'family': 'Song', 'given': 'Wei'}, {'family': 'Wang', 'given': 'Wen‑Jie'}, {'family': 'Fu', 'given': 'Tao'}, {'family': 'Chen', 'given': 'Lei'}, {'family': 'Miao', 'given': 'Dong‑Liu'}]",Oncology Letters,journal-article,2020.0
10.1002/jcsm.12536,The mechanisms and treatments for sarcopenia: could exosomes be a perspective research strategy in the future?,"[{'family': 'Rong', 'given': 'Shuang'}, {'family': 'Wang', 'given': 'Liangliang'}, {'family': 'Peng', 'given': 'Zhao'}, {'family': 'Liao', 'given': 'Yuxiao'}, {'family': 'Li', 'given': 'Dan'}, {'family': 'Yang', 'given': 'Xuefeng'}, {'family': 'Nuessler', 'given': 'Andreas K.'}, {'family': 'Liu', 'given': 'Liegang'}, {'family': 'Bao', 'given': 'Wei'}, {'family': 'Yang', 'given': 'Wei'}]","Journal of Cachexia, Sarcopenia and Muscle",journal-article,2020.0
10.1007/s00125-019-4921-2,Novel metabolic indices and incident type 2 diabetes among women and men: the Rotterdam Study,"[{'family': 'Brahimaj', 'given': 'Adela'}, {'family': 'Rivadeneira', 'given': 'Fernando'}, {'family': 'Muka', 'given': 'Taulant'}, {'family': 'Sijbrands', 'given': 'Eric J. G.'}, {'family': 'Franco', 'given': 'Oscar H.'}, {'family': 'Dehghan', 'given': 'Abbas'}, {'family': 'Kavousi', 'given': 'Maryam'}]",Diabetologia,journal-article,2019.0
10.3389/fphar.2018.01496,Some Prospective Alternatives for Treating Pain: The Endocannabinoid System and Its Putative Receptors GPR18 and GPR55,"[{'family': 'Guerrero-Alba', 'given': 'Raquel'}, {'family': 'Barragán-Iglesias', 'given': 'Paulino'}, {'family': 'González-Hernández', 'given': 'Abimael'}, {'family': 'Valdez-Moráles', 'given': 'Eduardo E.'}, {'family': 'Granados-Soto', 'given': 'Vinicio'}, {'family': 'Condés-Lara', 'given': 'Miguel'}, {'family': 'Rodríguez', 'given': 'Martín G.'}, {'family': 'Marichal-Cancino', 'given': 'Bruno A.'}]",Frontiers in Pharmacology,journal-article,2019.0
10.3389/fmolb.2018.00046,The Chaperonin GroEL: A Versatile Tool for Applied Biotechnology Platforms,"[{'family': ""O'Neil"", 'given': 'Pierce T.'}, {'family': 'Machen', 'given': 'Alexandra J.'}, {'family': 'Deatherage', 'given': 'Benjamin C.'}, {'family': 'Trecazzi', 'given': 'Caleb'}, {'family': 'Tischer', 'given': 'Alexander'}, {'family': 'Machha', 'given': 'Venkata R.'}, {'family': 'Auton', 'given': 'Matthew T.'}, {'family': 'Baldwin', 'given': 'Michael R.'}, {'family': 'White', 'given': 'Tommi A.'}, {'family': 'Fisher', 'given': 'Mark T.'}]",Frontiers in Molecular Biosciences,journal-article,2018.0
10.1101/2020.03.26.009423,"Ergothioneine, a metabolite of the gut bacterium Lactobacillus reuteri, protects against stress-induced sleep disturbances","[{'family': 'Matsuda', 'given': 'Yoshiki'}, {'family': 'Ozawa', 'given': 'Nobuyuki'}, {'family': 'Shinozaki', 'given': 'Takiko'}, {'family': 'Wakabayashi', 'given': 'Ken-ichi'}, {'family': 'Suzuki', 'given': 'Kosuke'}, {'family': 'Kawano', 'given': 'Yusuke'}, {'family': 'Ohtsu', 'given': 'Iwao'}, {'family': 'Tatebayashi', 'given': 'Yoshitaka'}]",,posted-content,2020.0
10.7554/elife.50051,Cholesterol accessibility at the ciliary membrane controls hedgehog signaling,"[{'family': 'Kinnebrew', 'given': 'Maia'}, {'family': 'Iverson', 'given': 'Ellen J'}, {'family': 'Patel', 'given': 'Bhaven B'}, {'family': 'Pusapati', 'given': 'Ganesh V'}, {'family': 'Kong', 'given': 'Jennifer H'}, {'family': 'Johnson', 'given': 'Kristen A'}, {'family': 'Luchetti', 'given': 'Giovanni'}, {'family': 'Eckert', 'given': 'Kaitlyn M'}, {'family': 'McDonald', 'given': 'Jeffrey G'}, {'family': 'Covey', 'given': 'Douglas F'}, {'family': 'Siebold', 'given': 'Christian'}, {'family': 'Radhakrishnan', 'given': 'Arun'}, {'family': 'Rohatgi', 'given': 'Rajat'}]",eLife,journal-article,2019.0
10.1016/j.nbd.2016.07.007,The blood-brain barrier in Alzheimer's disease,"[{'family': 'Zenaro', 'given': 'Elena'}, {'family': 'Piacentino', 'given': 'Gennj'}, {'family': 'Constantin', 'given': 'Gabriela'}]",Neurobiology of Disease,journal-article,2017.0
10.3390/md15040089,An Overview of the Protective Effects of Chitosan and Acetylated Chitosan Oligosaccharides against Neuronal Disorders,"[{'family': 'Hao', 'given': 'Cui'}, {'family': 'Wang', 'given': 'Wei'}, {'family': 'Wang', 'given': 'Shuyao'}, {'family': 'Zhang', 'given': 'Lijuan'}, {'family': 'Guo', 'given': 'Yunliang'}]",Marine Drugs,journal-article,2017.0
10.3390/medicines6010015,"An Investigation of Potential Sources of Nutraceuticals from the Niger Delta Areas, Nigeria for Attenuating Oxidative Stress","[{'family': 'Nwidu', 'given': 'Lucky'}, {'family': 'Alikwe', 'given': 'Philip'}, {'family': 'Elmorsy', 'given': 'Ekramy'}, {'family': 'Carter', 'given': 'Wayne'}]",Medicines,journal-article,2019.0
10.15252/emmm.201809466,"β‐
            RA
            reduces
            DMQ
            /CoQ ratio and rescues the encephalopathic phenotype in
            Coq9
            
              R239X
            
            mice","[{'family': 'Hidalgo‐Gutiérrez', 'given': 'Agustín'}, {'family': 'Barriocanal‐Casado', 'given': 'Eliana'}, {'family': 'Bakkali', 'given': 'Mohammed'}, {'family': 'Díaz‐Casado', 'given': 'M Elena'}, {'family': 'Sánchez‐Maldonado', 'given': 'Laura'}, {'family': 'Romero', 'given': 'Miguel'}, {'family': 'Sayed', 'given': 'Ramy K'}, {'family': 'Prehn', 'given': 'Cornelia'}, {'family': 'Escames', 'given': 'Germaine'}, {'family': 'Duarte', 'given': 'Juan'}, {'family': 'Acuña‐Castroviejo', 'given': 'Darío'}, {'family': 'López', 'given': 'Luis C'}]",EMBO Molecular Medicine,journal-article,2018.0
10.1212/wnl.0000000000004179,Neurodegenerative and psychiatric diseases among families with amyotrophic lateral sclerosis,"[{'family': 'Longinetti', 'given': 'Elisa'}, {'family': 'Mariosa', 'given': 'Daniela'}, {'family': 'Larsson', 'given': 'Henrik'}, {'family': 'Ye', 'given': 'Weimin'}, {'family': 'Ingre', 'given': 'Caroline'}, {'family': 'Almqvist', 'given': 'Catarina'}, {'family': 'Lichtenstein', 'given': 'Paul'}, {'family': 'Piehl', 'given': 'Fredrik'}, {'family': 'Fang', 'given': 'Fang'}]",Neurology,journal-article,2017.0
10.3389/fcimb.2019.00453,The Potential Role of Nrf2 Signaling in Leishmania Infection Outcomes,"[{'family': 'Vivarini', 'given': 'Aislan de Carvalho'}, {'family': 'Lopes', 'given': 'Ulisses Gazos'}]",Frontiers in Cellular and Infection Microbiology,journal-article,2020.0
10.3892/etm.2018.6726,Distinguishing the dominant species of pathogen in ethmoidal sinusitis by sequencing DNA dataset analysis,"[{'family': 'Zhang', 'given': 'Junyi'}, {'family': 'He', 'given': 'Shuai'}, {'family': 'Li', 'given': 'Yunchuan'}, {'family': 'Lv', 'given': 'Minggang'}, {'family': 'Wei', 'given': 'Hongzheng'}, {'family': 'Qu', 'given': 'Bin'}, {'family': 'Zheng', 'given': 'Yani'}, {'family': 'Hu', 'given': 'Chunhua'}]",Experimental and Therapeutic Medicine,journal-article,2018.0
10.1021/acsnano.8b03575,Quantifying Co-Oligomer Formation by α-Synuclein,"[{'family': 'Iljina', 'given': 'Marija'}, {'family': 'Dear', 'given': 'Alexander J.'}, {'family': 'Garcia', 'given': 'Gonzalo A.'}, {'family': 'De', 'given': 'Suman'}, {'family': 'Tosatto', 'given': 'Laura'}, {'family': 'Flagmeier', 'given': 'Patrick'}, {'family': 'Whiten', 'given': 'Daniel R.'}, {'family': 'Michaels', 'given': 'Thomas C. T.'}, {'family': 'Frenkel', 'given': 'Daan'}, {'family': 'Dobson', 'given': 'Christopher M.'}, {'family': 'Knowles', 'given': 'Tuomas P. J.'}, {'family': 'Klenerman', 'given': 'David'}]",ACS Nano,journal-article,2018.0
10.1371/journal.pone.0186459,"An open-label, non-randomized study of the pharmacokinetics of the nutritional supplement nicotinamide riboside (NR) and its effects on blood NAD+ levels in healthy volunteers","[{'family': 'Airhart', 'given': 'Sophia E.'}, {'family': 'Shireman', 'given': 'Laura M.'}, {'family': 'Risler', 'given': 'Linda J.'}, {'family': 'Anderson', 'given': 'Gail D.'}, {'family': 'Nagana Gowda', 'given': 'G. A.'}, {'family': 'Raftery', 'given': 'Daniel'}, {'family': 'Tian', 'given': 'Rong'}, {'family': 'Shen', 'given': 'Danny D.'}, {'family': 'O’Brien', 'given': 'Kevin D.'}]",Plos One,journal-article,2017.0
10.1038/nature22366,Architecture of the human interactome defines protein communities and disease networks,"[{'family': 'Huttlin', 'given': 'Edward L.'}, {'family': 'Bruckner', 'given': 'Raphael J.'}, {'family': 'Paulo', 'given': 'Joao A.'}, {'family': 'Cannon', 'given': 'Joe R.'}, {'family': 'Ting', 'given': 'Lily'}, {'family': 'Baltier', 'given': 'Kurt'}, {'family': 'Colby', 'given': 'Greg'}, {'family': 'Gebreab', 'given': 'Fana'}, {'family': 'Gygi', 'given': 'Melanie P.'}, {'family': 'Parzen', 'given': 'Hannah'}, {'family': 'Szpyt', 'given': 'John'}, {'family': 'Tam', 'given': 'Stanley'}, {'family': 'Zarraga', 'given': 'Gabriela'}, {'family': 'Pontano-Vaites', 'given': 'Laura'}, {'family': 'Swarup', 'given': 'Sharan'}, {'family': 'White', 'given': 'Anne E.'}, {'family': 'Schweppe', 'given': 'Devin K.'}, {'family': 'Rad', 'given': 'Ramin'}, {'family': 'Erickson', 'given': 'Brian K.'}, {'family': 'Obar', 'given': 'Robert A.'}, {'family': 'Guruharsha', 'given': 'K. G.'}, {'family': 'Li', 'given': 'Kejie'}, {'family': 'Artavanis-Tsakonas', 'given': 'Spyros'}, {'family': 'Gygi', 'given': 'Steven P.'}, {'family': 'Harper', 'given': 'J. Wade'}]",Nature,journal-article,2017.0
10.32383/farmpol/116234,Directions of searching for new drugs for ALS,"[{'family': 'Puchała', 'given': 'Łukasz'}, {'family': 'Maksymowicz', 'given': 'Stanisław'}]",Farmacja Polska,journal-article,2019.0
10.1101/639658,Genetic risk underlying psychiatric and cognitive symptoms in Huntington’s Disease,"[{'family': 'Ellis', 'given': 'Natalie'}, {'family': 'Tee', 'given': 'Amelia'}, {'family': 'McAllister', 'given': 'Branduff'}, {'family': 'Massey', 'given': 'Thomas'}, {'family': 'McLauchlan', 'given': 'Duncan'}, {'family': 'Stone', 'given': 'Timothy'}, {'family': 'Correia', 'given': 'Kevin'}, {'family': 'Loupe', 'given': 'Jacob'}, {'family': 'Kim', 'given': 'Kyung-Hee'}, {'family': 'Barker', 'given': 'Douglas'}, {'family': 'Hong', 'given': 'Eun Pyo'}, {'family': 'Chao', 'given': 'Michael J.'}, {'family': 'Long', 'given': 'Jeffrey D.'}, {'family': 'Lucente', 'given': 'Diane'}, {'family': 'Vonsattel', 'given': 'Jean Paul G.'}, {'family': 'Pinto', 'given': 'Ricardo Mouro'}, {'family': 'Elneel', 'given': 'Kawther Abu'}, {'family': 'Ramos', 'given': 'Eliana Marisa'}, {'family': 'Mysore', 'given': 'Jayalakshmi Srinidhi'}, {'family': 'Gillis', 'given': 'Tammy'}, {'family': 'Wheeler', 'given': 'Vanessa C.'}, {'family': 'Medway', 'given': 'Christopher'}, {'family': 'Hall', 'given': 'Lynsey'}, {'family': 'Kwak', 'given': 'Seung'}, {'family': 'Sampaio', 'given': 'Cristina'}, {'family': 'Ciosi', 'given': 'Marc'}, {'family': 'Maxwell', 'given': 'Alastair'}, {'family': 'Chatzi', 'given': 'Afroditi'}, {'family': 'Monckton', 'given': 'Darren G.'}, {'family': 'Orth', 'given': 'Michael'}, {'family': 'Landwehrmeyer', 'given': 'G. Bernhard'}, {'family': 'Paulsen', 'given': 'Jane S.'}, {'family': 'Shoulson', 'given': 'Ira'}, {'family': 'Myers', 'given': 'Richard H.'}, {'family': 'van Duijn', 'given': 'Erik'}, {'family': 'Rickards', 'given': 'Hugh'}, {'family': 'MacDonald', 'given': 'Marcy E.'}, {'family': 'Lee', 'given': 'Jong-min'}, {'family': 'Gusella', 'given': 'James F.'}, {'family': 'Jones', 'given': 'Lesley'}, {'family': 'Holmans', 'given': 'Peter'}]",,posted-content,2019.0
10.3390/ijms21010258,Emerging Role of Non-Coding RNAs in Esophageal Squamous Cell Carcinoma,"[{'family': 'Feng', 'given': 'Qingqing'}, {'family': 'Zhang', 'given': 'Hongli'}, {'family': 'Yao', 'given': 'Denglin'}, {'family': 'Chen', 'given': 'Wei-Dong'}, {'family': 'Wang', 'given': 'Yan-Dong'}]",International Journal of Molecular Sciences,journal-article,2019.0
10.3389/fcimb.2020.00153,The IL-33/ST2 Axis in Immune Responses Against Parasitic Disease: Potential Therapeutic Applications,"[{'family': 'Ryan', 'given': 'Nathan'}, {'family': 'Anderson', 'given': 'Kelvin'}, {'family': 'Volpedo', 'given': 'Greta'}, {'family': 'Varikuti', 'given': 'Sanjay'}, {'family': 'Satoskar', 'given': 'Monika'}, {'family': 'Satoskar', 'given': 'Sanika'}, {'family': 'Oghumu', 'given': 'Steve'}]",Frontiers in Cellular and Infection Microbiology,journal-article,2020.0
10.2147/jpr.s183561,<p>Altered gray matter volume in patients with herpes zoster and postherpetic neuralgia</p>,"[{'family': 'Liu', 'given': 'Jiaqi'}, {'family': 'Gu', 'given': 'Lili'}, {'family': 'Huang', 'given': 'Qing'}, {'family': 'Hong', 'given': 'Shunda'}, {'family': 'Zeng', 'given': 'Xianjun'}, {'family': 'Zhang', 'given': 'Daying'}, {'family': 'Zhou', 'given': 'Fuqing'}, {'family': 'Jiang', 'given': 'Jian'}]",Journal of Pain Research,journal-article,2019.0
10.1177/1759091419839515,Altered Brain Expression of Insulin and Insulin-Like Growth Factors in Frontotemporal Lobar Degeneration: Another Degenerative Disease Linked to Dysregulation of Insulin Metabolic Pathways,"[{'family': 'Liou', 'given': 'Connie J.'}, {'family': 'Tong', 'given': 'Ming'}, {'family': 'Vonsattel', 'given': 'Jean P.'}, {'family': 'de la Monte', 'given': 'Suzanne M.'}]",ASN Neuro,journal-article,2019.0
10.3389/fneur.2019.01419,Brain Functional Networks Study of Subacute Stroke Patients With Upper Limb Dysfunction After Comprehensive Rehabilitation Including BCI Training,"[{'family': 'Wu', 'given': 'Qiong'}, {'family': 'Yue', 'given': 'Zan'}, {'family': 'Ge', 'given': 'Yunxiang'}, {'family': 'Ma', 'given': 'Di'}, {'family': 'Yin', 'given': 'Hang'}, {'family': 'Zhao', 'given': 'Hongliang'}, {'family': 'Liu', 'given': 'Gang'}, {'family': 'Wang', 'given': 'Jing'}, {'family': 'Dou', 'given': 'Weibei'}, {'family': 'Pan', 'given': 'Yu'}]",Frontiers in Neurology,journal-article,2020.0
10.1371/journal.pgen.1008308,Calcium-responsive transactivator (CREST) toxicity is rescued by loss of PBP1/ATXN2 function in a novel yeast proteinopathy model and in transgenic flies,"[{'family': 'Park', 'given': 'Sangeun'}, {'family': 'Park', 'given': 'Sei-Kyoung'}, {'family': 'Watanabe', 'given': 'Naruaki'}, {'family': 'Hashimoto', 'given': 'Tadafumi'}, {'family': 'Iwatsubo', 'given': 'Takeshi'}, {'family': 'Shelkovnikova', 'given': 'Tatyana A.'}, {'family': 'Liebman', 'given': 'Susan W.'}]",PLOS Genetics,journal-article,2019.0
10.1186/s13023-016-0444-9,Quantifying benefit-risk preferences for new medicines in rare disease patients and caregivers,"[{'family': 'Morel', 'given': 'T.'}, {'family': 'Aymé', 'given': 'S.'}, {'family': 'Cassiman', 'given': 'D.'}, {'family': 'Simoens', 'given': 'S.'}, {'family': 'Morgan', 'given': 'M.'}, {'family': 'Vandebroek', 'given': 'M.'}]",Orphanet Journal of Rare Diseases,journal-article,2016.0
10.1007/s12035-016-0271-y,"(−)-Epicatechin, a Natural Flavonoid Compound, Protects Astrocytes Against Hemoglobin Toxicity via Nrf2 and AP-1 Signaling Pathways","[{'family': 'Lan', 'given': 'Xi'}, {'family': 'Han', 'given': 'Xiaoning'}, {'family': 'Li', 'given': 'Qian'}, {'family': 'Wang', 'given': 'Jian'}]",Molecular Neurobiology,journal-article,2016.0
10.1101/837336,Origin and microenvironment contribute to the sexually dimorphic phenotype and function of peritoneal macrophages,"[{'family': 'Bain', 'given': 'Calum C.'}, {'family': 'Gibson', 'given': 'Douglas A.'}, {'family': 'Steers', 'given': 'Nicholas'}, {'family': 'Boufea', 'given': 'Katarina'}, {'family': 'Louwe', 'given': 'Pieter A.'}, {'family': 'Docherty', 'given': 'Catherine'}, {'family': 'Huici', 'given': 'Victor'}, {'family': 'Gentek', 'given': 'Rebecca'}, {'family': 'Magalhaes-Pinto', 'given': 'Marlene'}, {'family': 'Bajenoff', 'given': 'Marc'}, {'family': 'Benezech', 'given': 'Cecile'}, {'family': 'Dockrell', 'given': 'David'}, {'family': 'Saunders', 'given': 'Philippa TK'}, {'family': 'Batada', 'given': 'Nizar'}, {'family': 'Jenkins', 'given': 'Stephen J'}]",,posted-content,2019.0
10.5772/intechopen.78977,Resveratrol and SIRT1 Activators for the Treatment of Aging and Age-Related Diseases,"[{'family': 'Stacchiotti', 'given': 'Alessandra'}, {'family': 'Favero', 'given': 'Gaia'}, {'family': 'Rezzani', 'given': 'Rita'}]","Resveratrol - Adding Life to Years, Not Adding Years to Life",book-chapter,2019.0
10.3389/fimmu.2016.00651,Local Treatment with Lactate Prevents Intestinal Inflammation in the TNBS-Induced Colitis Model,"[{'family': 'Iraporda', 'given': 'Carolina'}, {'family': 'Romanin', 'given': 'David E.'}, {'family': 'Bengoa', 'given': 'Ana A.'}, {'family': 'Errea', 'given': 'Agustina J.'}, {'family': 'Cayet', 'given': 'Delphine'}, {'family': 'Foligné', 'given': 'Benoit'}, {'family': 'Sirard', 'given': 'Jean-Claude'}, {'family': 'Garrote', 'given': 'Graciela L.'}, {'family': 'Abraham', 'given': 'Analía G.'}, {'family': 'Rumbo', 'given': 'Martín'}]",Frontiers in Immunology,journal-article,2016.0
10.1002/evan.21554,Right-handed fossil humans,"[{'family': 'Lozano', 'given': 'Marina'}, {'family': 'Estalrrich', 'given': 'Almudena'}, {'family': 'Bondioli', 'given': 'Luca'}, {'family': 'Fiore', 'given': 'Ivana'}, {'family': 'Bermúdez de Castro', 'given': 'José-Maria'}, {'family': 'Arsuaga', 'given': 'Juan Luis'}, {'family': 'Carbonell', 'given': 'Eudald'}, {'family': 'Rosas', 'given': 'Antonio'}, {'family': 'Frayer', 'given': 'David W.'}]","Evolutionary Anthropology: Issues, News, and Reviews",journal-article,2017.0
10.3233/trd-190038,Retinal disease in ciliopathies: Recent advances with a focus on stem cell-based therapies,"[{'family': 'Chen', 'given': 'Holly Yu'}, {'family': 'Welby', 'given': 'Emily'}, {'family': 'Li', 'given': 'Tiansen'}, {'family': 'Swaroop', 'given': 'Anand'}]",Translational Science of Rare Diseases,journal-article,2019.0
10.26565/2075-3810-2017-37-04,Redox  interactions  of  methylene  blue  with  cysteine  amino  acid  as  a  possible  mechanizm of biological action of the dye,"[{'family': 'Shelkovsky', 'given': 'V.S.'}, {'family': 'Kosevich', 'given': 'M.V.'}, {'family': 'Boryak', 'given': 'O.A.'}, {'family': 'Zobnina', 'given': 'V.G.'}, {'family': 'Plokhotnichenko', 'given': 'A.M.'}]",Biophysical Bulletin,journal-article,2017.0
10.1038/s41598-018-35060-9,Revised role for Hfq bacterial regulator on DNA topology,"[{'family': 'Malabirade', 'given': 'Antoine'}, {'family': 'Partouche', 'given': 'David'}, {'family': 'El Hamoui', 'given': 'Omar'}, {'family': 'Turbant', 'given': 'Florian'}, {'family': 'Geinguenaud', 'given': 'Frédéric'}, {'family': 'Recouvreux', 'given': 'Pierre'}, {'family': 'Bizien', 'given': 'Thomas'}, {'family': 'Busi', 'given': 'Florent'}, {'family': 'Wien', 'given': 'Frank'}, {'family': 'Arluison', 'given': 'Véronique'}]",Scientific Reports,journal-article,2018.0
10.1111/tpj.13804,"Stress‐responsive regulation of long non‐coding
            RNA
            polyadenylation in
            Oryza sativa","[{'family': 'Yuan', 'given': 'Jiapei'}, {'family': 'Li', 'given': 'Jingrui'}, {'family': 'Yang', 'given': 'Yang'}, {'family': 'Tan', 'given': 'Chang'}, {'family': 'Zhu', 'given': 'Yumin'}, {'family': 'Hu', 'given': 'Long'}, {'family': 'Qi', 'given': 'Yijun'}, {'family': 'Lu', 'given': 'Zhi John'}]",The Plant Journal,journal-article,2018.0
10.2337/dbi18-0009,Function and Mechanism of Long Noncoding RNAs in Adipocyte Biology,"[{'family': 'Sun', 'given': 'Lei'}, {'family': 'Lin', 'given': 'Jiandie D.'}]",Diabetes,journal-article,2019.0
10.7717/peerj.7696,The co-expression networks of differentially expressed RBPs with TFs and LncRNAs related to clinical TNM stages of cancers,"[{'family': 'Lian', 'given': 'Shuaibin'}, {'family': 'Li', 'given': 'Liansheng'}, {'family': 'Zhou', 'given': 'Yongjie'}, {'family': 'Liu', 'given': 'Zixiao'}, {'family': 'Wang', 'given': 'Lei'}]",PeerJ,journal-article,2019.0
10.3389/fncel.2020.00079,Astrocytes and Microglia as Major Players of Myelin Production in Normal and Pathological Conditions,"[{'family': 'Traiffort', 'given': 'Elisabeth'}, {'family': 'Kassoussi', 'given': 'Abdelmoumen'}, {'family': 'Zahaf', 'given': 'Amina'}, {'family': 'Laouarem', 'given': 'Yousra'}]",Frontiers in Cellular Neuroscience,journal-article,2020.0
10.7554/elife.58795,Parallel global profiling of plant TOR dynamics reveals a conserved role for LARP1 in translation,"[{'family': 'Scarpin', 'given': 'M Regina'}, {'family': 'Leiboff', 'given': 'Samuel'}, {'family': 'Brunkard', 'given': 'Jacob O'}]",eLife,journal-article,2020.0
10.3390/ijms21031156,Genetic Base of Behavioral Disorders in Mucopolysaccharidoses: Transcriptomic Studies,"[{'family': 'Pierzynowska', 'given': 'Karolina'}, {'family': 'Gaffke', 'given': 'Lidia'}, {'family': 'Podlacha', 'given': 'Magdalena'}, {'family': 'Węgrzyn', 'given': 'Grzegorz'}]",International Journal of Molecular Sciences,journal-article,2020.0
10.1101/2020.05.30.124958,Herpes Simplex Virus type 1 neuronal infection triggers disassembly of key structural components of dendritic spines,"[{'family': 'Acuña-Hinrichsen', 'given': 'Francisca'}, {'family': 'Covarrubias-Pinto', 'given': 'Adriana'}, {'family': 'Ishizuka', 'given': 'Yuta'}, {'family': 'Stolzenbach', 'given': 'Maria Francisca'}, {'family': 'Martin', 'given': 'Carolina'}, {'family': 'Salazar', 'given': 'Paula'}, {'family': 'Castro', 'given': 'Maite A.'}, {'family': 'Bramham', 'given': 'Clive'}, {'family': 'Otth', 'given': 'Carola'}]",,posted-content,2020.0
10.3389/fnins.2019.00582,All Together Now: Modeling the Interaction of Neural With Non-neural Systems Using Organoid Models,"[{'family': 'Chukwurah', 'given': 'Evelyn'}, {'family': 'Osmundsen', 'given': 'Allison'}, {'family': 'Davis', 'given': 'Shannon W.'}, {'family': 'Lizarraga', 'given': 'Sofia B.'}]",Frontiers in Neuroscience,journal-article,2019.0
10.1016/j.nicl.2019.101776,GABA and glutamate moderate beta-amyloid related functional connectivity in cognitively unimpaired old-aged adults,"[{'family': 'Quevenco', 'given': 'F.C.'}, {'family': 'Schreiner', 'given': 'S.J.'}, {'family': 'Preti', 'given': 'M.G.'}, {'family': 'van Bergen', 'given': 'J.M.G.'}, {'family': 'Kirchner', 'given': 'T.'}, {'family': 'Wyss', 'given': 'M.'}, {'family': 'Steininger', 'given': 'S.C.'}, {'family': 'Gietl', 'given': 'A.'}, {'family': 'Leh', 'given': 'S.E.'}, {'family': 'Buck', 'given': 'A.'}, {'family': 'Pruessmann', 'given': 'K.P.'}, {'family': 'Hock', 'given': 'C.'}, {'family': 'Nitsch', 'given': 'R.M.'}, {'family': 'Henning', 'given': 'A.'}, {'family': 'Van De Ville', 'given': 'D.'}, {'family': 'Unschuld', 'given': 'P.G.'}]",NeuroImage: Clinical,journal-article,2019.0
10.1111/tra.12669,Cellular stress leads to the formation of membraneless stress assemblies in eukaryotic cells,"[{'family': 'van Leeuwen', 'given': 'Wessel'}, {'family': 'Rabouille', 'given': 'Catherine'}]",Traffic,journal-article,2019.0
10.5772/intechopen.88601,Probiotics in Health and Immunity: A First Step toward Understanding the Importance of Microbiota System in Translational Medicine,"[{'family': 'Gargiulo Isacco', 'given': 'Ciro'}, {'family': 'Ballini', 'given': 'Andrea'}, {'family': 'De Vito', 'given': 'Danila'}, {'family': 'Michele Inchingolo', 'given': 'Angelo'}, {'family': 'Cantore', 'given': 'Stefania'}, {'family': 'Paduanelli', 'given': 'Gregorio'}, {'family': 'Cao Diem Nguyen', 'given': 'Kieu'}, {'family': 'Danilo Inchingolo', 'given': 'Alessio'}, {'family': 'Dipalma', 'given': 'Gianna'}, {'family': 'Inchingolo', 'given': 'Francesco'}]",Prebiotics and Probiotics - Potential Benefits in Nutrition and Health,book-chapter,2020.0
10.1126/science.aau2096,Dietary fat: From foe to friend?,"[{'family': 'Ludwig', 'given': 'David S.'}, {'family': 'Willett', 'given': 'Walter C.'}, {'family': 'Volek', 'given': 'Jeff S.'}, {'family': 'Neuhouser', 'given': 'Marian L.'}]",Science,journal-article,2018.0
10.1007/978-1-4939-7737-6_16,Using FlyBase to Find Functionally Related Drosophila Genes,"[{'family': 'Rey', 'given': 'Alix J.'}, {}, {'family': 'Attrill', 'given': 'Helen'}, {'family': 'Marygold', 'given': 'Steven J.'}]",Methods in Molecular Biology,book-chapter,2018.0
10.1530/erc-19-0347,Epigenetic changes in fibroblasts drive cancer metabolism and differentiation,"[{'family': 'Mishra', 'given': 'Rajeev'}, {'family': 'Haldar', 'given': 'Subhash'}, {'family': 'Suchanti', 'given': 'Surabhi'}, {'family': 'Bhowmick', 'given': 'Neil A'}]",Endocrine-Related Cancer,journal-article,2019.0
10.1101/367615,Genetic data and cognitively-defined late-onset Alzheimer’s disease subgroups,"[{'family': 'Mukherjee', 'given': 'Shubhabrata'}, {'family': 'Mez', 'given': 'Jesse'}, {'family': 'Trittschuh', 'given': 'Emily'}, {'family': 'Saykin', 'given': 'Andrew J.'}, {'family': 'Gibbons', 'given': 'Laura E.'}, {'family': 'Fardo', 'given': 'David W.'}, {'family': 'Wessels', 'given': 'Madeline'}, {'family': 'Bauman', 'given': 'Julianna'}, {'family': 'Moore', 'given': 'Mackenzie'}, {'family': 'Choi', 'given': 'Seo-Eun'}, {'family': 'Gross', 'given': 'Alden L.'}, {'family': 'Rich', 'given': 'Joanne'}, {'family': 'Louden', 'given': 'Diana K.N.'}, {'family': 'Sanders', 'given': 'R. Elizabeth'}, {'family': 'Grabowski', 'given': 'Thomas J.'}, {'family': 'Bird', 'given': 'Thomas D.'}, {'family': 'McCurry', 'given': 'Susan M.'}, {'family': 'Snitz', 'given': 'Beth E.'}, {'family': 'Kamboh', 'given': 'M. Ilyas'}, {'family': 'Lopez', 'given': 'Oscar L.'}, {'family': 'De Jager', 'given': 'Philip L.'}, {'family': 'Bennett', 'given': 'David A.'}, {'family': 'Keene', 'given': 'C. Dirk'}, {'family': 'Larson', 'given': 'Eric B.'}, {'family': 'Crane', 'given': 'Paul K.'}]",,posted-content,2018.0
10.1101/722827,Lipid droplet accumulating microglia represent a dysfunctional and pro-inflammatory state in the aging brain,"[{'family': 'Marschallinger', 'given': 'Julia'}, {'family': 'Iram', 'given': 'Tal'}, {'family': 'Zardeneta', 'given': 'Macy'}, {'family': 'Lee', 'given': 'Song E.'}, {'family': 'Lehallier', 'given': 'Benoit'}, {'family': 'Haney', 'given': 'Michael S.'}, {'family': 'Pluvinage', 'given': 'John V.'}, {'family': 'Mathur', 'given': 'Vidhu'}, {'family': 'Hahn', 'given': 'Oliver'}, {'family': 'Morgens', 'given': 'David W.'}, {'family': 'Kim', 'given': 'Justin'}, {'family': 'Tevini', 'given': 'Julia'}, {'family': 'Felder', 'given': 'Thomas K.'}, {'family': 'Wolinski', 'given': 'Heimo'}, {'family': 'Bertozzi', 'given': 'Carolyn R.'}, {'family': 'Bassik', 'given': 'Michael C.'}, {'family': 'Aigner', 'given': 'Ludwig'}, {'family': 'Wyss-Coray', 'given': 'Tony'}]",,posted-content,2019.0
10.1016/j.trci.2018.04.006,Statistical advances in clinical trials and clinical research,"[{'family': 'Shan', 'given': 'Guogen'}, {'family': 'Banks', 'given': 'Sarah'}, {'family': 'Miller', 'given': 'Justin B.'}, {'family': 'Ritter', 'given': 'Aaron'}, {'family': 'Bernick', 'given': 'Charles'}, {'family': 'Lombardo', 'given': 'Joseph'}, {'family': 'Cummings', 'given': 'Jeffrey L.'}]",Alzheimer's & Dementia: Translational Research & Clinical Interventions,journal-article,2018.0
10.1002/nbm.3996,Waveguide effects and implications for cardiac magnetic resonance elastography: A finite element study,"[{'family': 'Manduca', 'given': 'A.'}, {'family': 'Rossman', 'given': 'T.L.'}, {'family': 'Lake', 'given': 'D.S.'}, {'family': 'Glaser', 'given': 'K.J.'}, {'family': 'Arani', 'given': 'A.'}, {'family': 'Arunachalam', 'given': 'S.P.'}, {'family': 'Rossman', 'given': 'P.J.'}, {'family': 'Trzasko', 'given': 'J.D.'}, {'family': 'Ehman', 'given': 'R.L.'}, {'family': 'Dragomir-Daescu', 'given': 'D.'}, {'family': 'Araoz', 'given': 'P.A.'}]",NMR in Biomedicine,journal-article,2018.0
10.1371/journal.pbio.2005264,Peripherally derived macrophages modulate microglial function to reduce inflammation after CNS injury,"[{'family': 'Greenhalgh', 'given': 'Andrew D.'}, {'family': 'Zarruk', 'given': 'Juan G.'}, {'family': 'Healy', 'given': 'Luke M.'}, {'family': 'Baskar Jesudasan', 'given': 'Sam J.'}, {'family': 'Jhelum', 'given': 'Priya'}, {'family': 'Salmon', 'given': 'Christopher K.'}, {'family': 'Formanek', 'given': 'Albert'}, {'family': 'Russo', 'given': 'Matthew V.'}, {'family': 'Antel', 'given': 'Jack P.'}, {'family': 'McGavern', 'given': 'Dorian B.'}, {'family': 'McColl', 'given': 'Barry W.'}, {'family': 'David', 'given': 'Samuel'}]",PLOS Biology,journal-article,2018.0
10.1016/j.neo.2019.05.004,The FUS-DDIT3 Interactome in Myxoid Liposarcoma,"[{'family': 'Yu', 'given': 'Jamie S.E.'}, {'family': 'Colborne', 'given': 'Shane'}, {'family': 'Hughes', 'given': 'Christopher S.'}, {'family': 'Morin', 'given': 'Gregg B.'}, {'family': 'Nielsen', 'given': 'Torsten O.'}]",Neoplasia,journal-article,2019.0
10.1101/533547,Multiplex immunofluorescence methods in neurodegenerative diseases,"[{'family': 'Ehrenberg', 'given': 'Alexander J.'}, {'family': 'Morales', 'given': 'Dulce Ovando'}, {'family': 'Tejedor', 'given': 'Jorge Santos'}, {'family': 'Mulder', 'given': 'Jan'}, {'family': 'Grinberg', 'given': 'Lea T.'}]",,posted-content,2019.0
10.1186/s41747-018-0045-6,Cord cross-sectional area at foramen magnum as a correlate of disability in amyotrophic lateral sclerosis,"[{'family': 'Piaggio', 'given': 'Niccolò'}, {'family': 'Pardini', 'given': 'Matteo'}, {'family': 'Roccatagliata', 'given': 'Luca'}, {'family': 'Scialò', 'given': 'Carlo'}, {'family': 'Cabona', 'given': 'Corrado'}, {'family': 'Bonzano', 'given': 'Laura'}, {'family': 'Inglese', 'given': 'Matilde'}, {'family': 'Mancardi', 'given': 'Giovanni L.'}, {'family': 'Caponnetto', 'given': 'Claudia'}]",European Radiology Experimental,journal-article,2018.0
10.1155/2019/1242784,The Antitumor Potential of Extract of the Oak Bracket Medicinal Mushroom Inonotus baumii in SMMC-7721 Tumor Cells,"[{'family': 'Yang', 'given': 'Yue'}, {'family': 'He', 'given': 'Pingya'}, {'family': 'Li', 'given': 'Ning'}]",Evidence-Based Complementary and Alternative Medicine,journal-article,2019.0
10.21203/rs.3.rs-18926/v3,"Drp1 is widely, yet heterogeneously, distributed in the mouse central nervous system","[{'family': 'Luo', 'given': 'Ting-Ting'}, {'family': 'Dai', 'given': 'Chun-Qiu'}, {'family': 'Wang', 'given': 'Jia-Qi'}, {'family': 'Wang', 'given': 'Zheng-Mei'}, {'family': 'Yang', 'given': 'Yi'}, {'family': 'Zhang', 'given': 'Kun-Long'}, {'family': 'Wu', 'given': 'Fei-Fei'}, {'family': 'Yang', 'given': 'Yan-Ling'}, {'family': 'Wang', 'given': 'Ya-Yun'}]",,posted-content,2020.0
10.1016/j.bbi.2018.03.033,Cellular players that shape evolving pathology and neurodegeneration following traumatic brain injury,"[{'family': 'Puntambekar', 'given': 'Shweta S.'}, {'family': 'Saber', 'given': 'Maha'}, {'family': 'Lamb', 'given': 'Bruce T.'}, {'family': 'Kokiko-Cochran', 'given': 'Olga N.'}]","Brain, Behavior, and Immunity",journal-article,2018.0
10.1098/rstb.2017.0226,Impedance-based cellular assays for regenerative medicine,"[{'family': 'Gamal', 'given': 'W.'}, {'family': 'Wu', 'given': 'H.'}, {'family': 'Underwood', 'given': 'I.'}, {'family': 'Jia', 'given': 'J.'}, {'family': 'Smith', 'given': 'S.'}, {'family': 'Bagnaninchi', 'given': 'P. O.'}]",Philosophical Transactions of the Royal Society B: Biological Sciences,journal-article,2018.0
10.1055/a-1122-8916,Stammzellen in der Regenerativen Medizin – Translationale Hürden und Möglichkeiten zur Überwindung,"[{'family': 'Klietz', 'given': 'Marie-Luise'}, {'family': 'Kückelhaus', 'given': 'Maximilian'}, {'family': 'Kaiser', 'given': 'Hans Wilhelm'}, {'family': 'Raschke', 'given': 'Michael J.'}, {'family': 'Hirsch', 'given': 'Tobias'}, {'family': 'Aitzetmüller', 'given': 'Matthias'}]",Handchirurgie · Mikrochirurgie · Plastische Chirurgie,journal-article,2020.0
10.3390/toxics6010001,"Persistent Threats by Persistent Pollutants: Chemical Nature, Concerns and Future Policy Regarding PCBs—What Are We Heading For?","[{'family': 'Hens', 'given': 'Bart'}, {'family': 'Hens', 'given': 'Luc'}]",Toxics,journal-article,2017.0
10.3390/genes9060285,Development of Microplatforms to Mimic the In Vivo Architecture of CNS and PNS Physiology and Their Diseases,"[{'family': 'Saliba', 'given': 'John'}, {'family': 'Daou', 'given': 'Arij'}, {'family': 'Damiati', 'given': 'Samar'}, {'family': 'Saliba', 'given': 'Jessica'}, {'family': 'El-Sabban', 'given': 'Marwan'}, {'family': 'Mhanna', 'given': 'Rami'}]",Genes,journal-article,2018.0
10.21608/puj.2018.6111.1024,Expression of cysteine proteinases and cystatins in parasites and use of cysteine proteinase inhibitors in parasitic diseases. Part II: Arthropods,"[{'family': 'Abaza', 'given': 'Sherif'}]",Parasitologists United Journal,journal-article,2018.0
10.1101/2020.08.31.274589,Human T-bet governs innate and innate-like adaptive IFN-γ immunity against mycobacteria,"[{'family': 'Yang', 'given': 'Rui'}, {'family': 'Mele', 'given': 'Federico'}, {'family': 'Worley', 'given': 'Lisa'}, {'family': 'Langlais', 'given': 'David'}, {'family': 'Rosain', 'given': 'Jérémie'}, {'family': 'Benhsaien', 'given': 'Ibithal'}, {'family': 'Elarabi', 'given': 'Houda'}, {'family': 'Croft', 'given': 'Carys A.'}, {'family': 'Doisne', 'given': 'Jean-Marc'}, {'family': 'Zhang', 'given': 'Peng'}, {'family': 'Weisshaar', 'given': 'Marc'}, {'family': 'Jarrossay', 'given': 'David'}, {'family': 'Latorre', 'given': 'Daniela'}, {'family': 'Shen', 'given': 'Yichao'}, {'family': 'Han', 'given': 'Jing'}, {'family': 'Gruber', 'given': 'Conor'}, {'family': 'Markle', 'given': 'Janet'}, {'family': 'Al Ali', 'given': 'Fatima'}, {'family': 'Rahman', 'given': 'Mahbuba'}, {'family': 'Khan', 'given': 'Taushif'}, {'family': 'Seeleuthner', 'given': 'Yoann'}, {'family': 'Kerner', 'given': 'Gaspard'}, {'family': 'Husquin', 'given': 'Lucas T.'}, {'family': 'Maclsaac', 'given': 'Julia L.'}, {'family': 'Jeljeli', 'given': 'Mohamed'}, {'family': 'Ailal', 'given': 'Fatima'}, {'family': 'Kobor', 'given': 'Michael S.'}, {'family': 'Oleaga-Quintas', 'given': 'Carmen'}, {'family': 'Roynard', 'given': 'Manon'}, {'family': 'Bourgey', 'given': 'Mathieu'}, {'family': 'El Baghdadi', 'given': 'Jamila'}, {'family': 'Boisson-Dupuis', 'given': 'Stéphanie'}, {'family': 'Puel', 'given': 'Anne'}, {'family': 'Batteux', 'given': 'Fréderic'}, {'family': 'Rozenberg', 'given': 'Flore'}, {'family': 'Marr', 'given': 'Nico'}, {'family': 'Pan-Hammarström', 'given': 'Qiang'}, {'family': 'Bogunovic', 'given': 'Dusan'}, {'family': 'Quintana-Murci', 'given': 'Lluis'}, {'family': 'Carroll', 'given': 'Thomas'}, {'family': 'Ma', 'given': 'Cindy S'}, {'family': 'Abel', 'given': 'Laurent'}, {'family': 'Bousfiha', 'given': 'Aziz'}, {'family': 'Di Santo', 'given': 'James P.'}, {'family': 'Glimcher', 'given': 'Laurie H'}, {'family': 'Gros', 'given': 'Philippe'}, {'family': 'Tangye', 'given': 'Stuart G'}, {'family': 'Sallusto', 'given': 'Federica'}, {'family': 'Bustamante', 'given': 'Jacinta'}, {'family': 'Casanova', 'given': 'Jean-Laurent'}]",,posted-content,2020.0
10.1038/s41531-020-0110-8,Genetic predispositions of Parkinson’s disease revealed in patient-derived brain cells,"[{'family': 'Tran', 'given': 'Jenne'}, {'family': 'Anastacio', 'given': 'Helena'}, {'family': 'Bardy', 'given': 'Cedric'}]",NPJ Parkinson's Disease,journal-article,2020.0
10.1111/cpr.12879,LncRNAs are regulated by chromatin states and affect the skeletal muscle cell differentiation,"[{'family': 'Qi', 'given': 'Xiaolong'}, {'family': 'Hu', 'given': 'Mingyang'}, {'family': 'Xiang', 'given': 'Yue'}, {'family': 'Wang', 'given': 'Daoyuan'}, {'family': 'Xu', 'given': 'Yueyuan'}, {'family': 'Hou', 'given': 'Ye'}, {'family': 'Zhou', 'given': 'Huanhuan'}, {'family': 'Luan', 'given': 'Yu'}, {'family': 'Wang', 'given': 'Zhangxu'}, {'family': 'Zhang', 'given': 'Weiya'}, {'family': 'Li', 'given': 'Xinyun'}, {'family': 'Zhao', 'given': 'Shuhong'}, {'family': 'Zhao', 'given': 'Yunxia'}]",Cell Proliferation,journal-article,2020.0
10.1159/000494761,Neuroimmune and Inflammatory Signals in Complex Disorders of the Central Nervous System,"[{'family': 'Liberman', 'given': 'Ana\xa0Clara'}, {'family': 'Trias', 'given': 'Emiliano'}, {'family': 'da\xa0Silva\xa0Chagas', 'given': 'Luana'}, {'family': 'Trindade', 'given': 'Pablo'}, {'family': 'dos\xa0Santos\xa0Pereira', 'given': 'Marissol'}, {'family': 'Refojo', 'given': 'Damian'}, {'family': 'Hedin-Pereira', 'given': 'Cecilia'}, {'family': 'Serfaty', 'given': 'Claudio\xa0A.'}]",Neuroimmunomodulation,journal-article,2018.0
10.1101/2020.09.22.309062,"SFPQ intron retention, reduced expression and aggregate formation in central nervous system tissue are pathological features of amyotrophic lateral sclerosis","[{'family': 'Hogan', 'given': 'Alison L.'}, {'family': 'Grima', 'given': 'Natalie'}, {'family': 'Fifita', 'given': 'Jennifer A.'}, {'family': 'McCann', 'given': 'Emily P.'}, {'family': 'Heng', 'given': 'Benjamin'}, {'family': 'Fat', 'given': 'Sandrine Chan Moi'}, {'family': 'Maharjan', 'given': 'Ram'}, {'family': 'Cain', 'given': 'Amy K'}, {'family': 'Henden', 'given': 'Lyndal'}, {'family': 'Tarr', 'given': 'Ingrid'}, {'family': 'Zang', 'given': 'Katharine Y.'}, {'family': 'Zhao', 'given': 'Qiongyi'}, {'family': 'Zhang', 'given': 'Zong-Hong'}, {'family': 'Wright', 'given': 'Amanda'}, {'family': 'Wu', 'given': 'Sharlynn'}, {'family': 'Morsch', 'given': 'Marco'}, {'family': 'Yang', 'given': 'Shu'}, {'family': 'Williams', 'given': 'Kelly L.'}, {'family': 'Blair', 'given': 'Ian P.'}]",,posted-content,2020.0
10.1002/jbmr.3976,"The miR‐143/145 Cluster, a Novel Diagnostic Biomarker in Chondrosarcoma, Acts as a Tumor Suppressor and Directly Inhibits Fascin‐1","[{'family': 'Urdinez', 'given': 'Joaquin'}, {'family': 'Boro', 'given': 'Aleksandar'}, {'family': 'Mazumdar', 'given': 'Alekhya'}, {'family': 'Arlt', 'given': 'Matthias JE'}, {'family': 'Muff', 'given': 'Roman'}, {'family': 'Botter', 'given': 'Sander M'}, {'family': 'Bode‐Lesniewska', 'given': 'Beata'}, {'family': 'Fuchs', 'given': 'Bruno'}, {'family': 'Snedeker', 'given': 'Jess G'}, {'family': 'Gvozdenovic', 'given': 'Ana'}]",Journal of Bone and Mineral Research,journal-article,2020.0
10.18632/oncotarget.20294,"Monocarboxylate transporter 1 (MCT1), a tool to stratify acute myeloid leukemia (AML) patients and a vehicle to kill cancer cells","[{'family': 'Lopes-Coelho', 'given': 'Filipa'}, {'family': 'Nunes', 'given': 'Carolina'}, {'family': 'Gouveia-Fernandes', 'given': 'Sofia'}, {'family': 'Rosas', 'given': 'Rita'}, {'family': 'Silva', 'given': 'Fernanda'}, {'family': 'Gameiro', 'given': 'Paula'}, {'family': 'Carvalho', 'given': 'Tânia'}, {'family': 'Gomes da Silva', 'given': 'Maria'}, {'family': 'Cabeçadas', 'given': 'José'}, {'family': 'Dias', 'given': 'Sérgio'}, {'family': 'Gonçalves', 'given': 'Luís G.'}, {'family': 'Serpa', 'given': 'Jacinta'}]",Oncotarget,journal-article,2017.0
10.1212/nxg.0000000000000052,Genetics of neurodegenerative diseases,"[{'family': 'Pulst', 'given': 'Stefan M.'}]",Neurology Genetics,journal-article,2016.0
10.15698/mic2017.04.568,The frequency of yeast [PSI+] prion formation is increased during chronological ageing,"[{'family': 'Speldewinde', 'given': 'Shaun'}, {'family': 'Grant', 'given': 'Chris'}]",Microbial Cell,journal-article,2017.0
10.4236/cm.2018.94011,TRAF6 Affects RAC1 Expression and Apoptosis in SK-Hep1 Cells,"[{'family': 'Zhang', 'given': 'Shanlei'}, {'family': 'Qian', 'given': 'Changshi'}, {'family': 'Liu', 'given': 'Xiaochen'}, {'family': 'Piao', 'given': 'Shengjun'}, {'family': 'Jin', 'given': 'Xinglin'}]",Chinese Medicine,journal-article,2018.0
10.3390/ijms18030551,Parkinson’s Disease: From Pathogenesis to Pharmacogenomics,"[{'family': 'Cacabelos', 'given': 'Ramón'}]",International Journal of Molecular Sciences,journal-article,2017.0
10.1124/jpet.118.253260,Is There Sufficient Evidence that the Melatonin Binding Site MT3 Is Quinone Reductase 2?,"[{'family': 'Boutin', 'given': 'Jean A.'}, {'family': 'Ferry', 'given': 'Gilles'}]",Journal of Pharmacology and Experimental Therapeutics,journal-article,2018.0
10.3389/fnins.2018.00458,"Vagal Tank Theory: The Three Rs of Cardiac Vagal Control Functioning – Resting, Reactivity, and Recovery","[{'family': 'Laborde', 'given': 'Sylvain'}, {'family': 'Mosley', 'given': 'Emma'}, {'family': 'Mertgen', 'given': 'Alina'}]",Frontiers in Neuroscience,journal-article,2018.0
10.1038/s41420-018-0134-6,Epigenetic regulation of NfatC1 transcription and osteoclastogenesis by nicotinamide phosphoribosyl transferase in the pathogenesis of arthritis,"[{'family': 'Li', 'given': 'Xuanan'}, {'family': 'Islam', 'given': 'Shamima'}, {'family': 'Xiong', 'given': 'Min'}, {'family': 'Nsumu', 'given': 'Ndona N.'}, {'family': 'Lee', 'given': 'Mark W.'}, {'family': 'Zhang', 'given': 'Li Qin'}, {'family': 'Ueki', 'given': 'Yasuyoshi'}, {'family': 'Heruth', 'given': 'Daniel P.'}, {'family': 'Lei', 'given': 'Guanghua'}, {'family': 'Ye', 'given': 'Shui Qing'}]",Cell Death Discovery,journal-article,2019.0
10.21203/rs.3.rs-48901/v1,Alternative Polyadenylation in Response to Temperature Stress Contributes to Gene Regulation in Trees,"[{'family': 'Yan', 'given': 'Chao'}, {'family': 'Wang', 'given': 'Yupeng'}, {'family': 'Lyu', 'given': 'Tao'}, {'family': 'Hu', 'given': 'Zhikang'}, {'family': 'Ye', 'given': 'Ning'}, {'family': 'Liu', 'given': 'Weixin'}, {'family': 'Li', 'given': 'Jiyuan'}, {'family': 'Yao', 'given': 'Xiaohua'}, {'family': 'Yin', 'given': 'Hengfu'}]",,posted-content,2020.0
10.3389/fphar.2019.01047,"Small Heat Shock Proteins, Big Impact on Protein Aggregation in Neurodegenerative Disease","[{'family': 'Webster', 'given': 'Jack M.'}, {'family': 'Darling', 'given': 'April L.'}, {'family': 'Uversky', 'given': 'Vladimir N.'}, {'family': 'Blair', 'given': 'Laura J.'}]",Frontiers in Pharmacology,journal-article,2019.0
10.1038/s41598-018-35418-z,The association between neonatal vitamin D status and risk of schizophrenia,"[{'family': 'Eyles', 'given': 'Darryl W.'}, {'family': 'Trzaskowski', 'given': 'Maciej'}, {'family': 'Vinkhuyzen', 'given': 'Anna A. E.'}, {'family': 'Mattheisen', 'given': 'Manuel'}, {'family': 'Meier', 'given': 'Sandra'}, {'family': 'Gooch', 'given': 'Helen'}, {'family': 'Anggono', 'given': 'Victor'}, {'family': 'Cui', 'given': 'Xiaoying'}, {'family': 'Tan', 'given': 'Men Chee'}, {'family': 'Burne', 'given': 'Thomas H. J.'}, {'family': 'Jang', 'given': 'Se Eun'}, {'family': 'Kvaskoff', 'given': 'David'}, {'family': 'Hougaard', 'given': 'David M.'}, {'family': 'Nørgaard-Pedersen', 'given': 'Bent'}, {'family': 'Cohen', 'given': 'Arieh'}, {'family': 'Agerbo', 'given': 'Esben'}, {'family': 'Pedersen', 'given': 'Carsten B.'}, {'family': 'Børglum', 'given': 'Anders D.'}, {'family': 'Mors', 'given': 'Ole'}, {'family': 'Sah', 'given': 'Pankaj'}, {'family': 'Wray', 'given': 'Naomi R.'}, {'family': 'Mortensen', 'given': 'Preben B.'}, {'family': 'McGrath', 'given': 'John J.'}]",Scientific Reports,journal-article,2018.0
10.17513/spno.25497,THE ROLE APOPTOSIS IN VIOLATION OF FUNCTIONS NEURONS,"[{'family': 'Reva', 'given': 'I.V.'}, {'family': 'Yamamoto', 'given': 'T.'}, {'family': 'Odintsova', 'given': 'I.A.'}, {'family': 'Martynenko', 'given': 'S.G.'}, {'family': 'Totorkulov', 'given': 'R.I.'}, {'family': 'Nikolaenko', 'given': 'G.A.'}, {'family': 'Lemeshko', 'given': 'T.N.'}, {'family': 'Indik', 'given': 'M.V.'}, {'family': 'Schmelev', 'given': 'M.E.'}, {'family': 'Vershinina', 'given': 'S.S.'}, {'family': 'Baldaev', 'given': 'S.N.'}, {'family': 'Albrandt', 'given': 'K.F.'}, {'family': 'Reva', 'given': 'G.V.'}]",Современные Проблемы Науки И Образования (Modern Problems of Science and Education),journal-article,2016.0
10.1038/celldisc.2017.25,Manganese transporter Slc39a14 deficiency revealed its key role in maintaining manganese homeostasis in mice,"[{'family': 'Xin', 'given': 'Yongjuan'}, {'family': 'Gao', 'given': 'Hong'}, {'family': 'Wang', 'given': 'Jia'}, {'family': 'Qiang', 'given': 'Yuzhen'}, {'family': 'Imam', 'given': 'Mustapha Umar'}, {'family': 'Li', 'given': 'Yang'}, {'family': 'Wang', 'given': 'Jianyao'}, {'family': 'Zhang', 'given': 'Ruochen'}, {'family': 'Zhang', 'given': 'Huizhen'}, {'family': 'Yu', 'given': 'Yingying'}, {'family': 'Wang', 'given': 'Hao'}, {'family': 'Luo', 'given': 'Haiyang'}, {'family': 'Shi', 'given': 'Changhe'}, {'family': 'Xu', 'given': 'Yuming'}, {'family': 'Hojyo', 'given': 'Shintaro'}, {'family': 'Fukada', 'given': 'Toshiyuki'}, {'family': 'Min', 'given': 'Junxia'}, {'family': 'Wang', 'given': 'Fudi'}]",Cell Discovery,journal-article,2017.0
10.1136/bcr-2019-231248,Permanent lesion to the corticospinal tract after therapy with capecitabine,"[{'family': 'Wagner-Altendorf', 'given': 'Tobias A'}, {'family': 'Heldmann', 'given': 'Marcus'}, {'family': 'Hanssen', 'given': 'Henrike'}, {'family': 'Münte', 'given': 'Thomas F'}]",BMJ Case Reports,journal-article,2019.0
